NoUrut,PlatNo,Keterangan
0,F8778Y,Tidak Ditemukan Pada DataBase
1,FK8Y,Tidak Ditemukan Pada DataBase
2,F8778Y,Tidak Ditemukan Pada DataBase
3,F8778Y5,Tidak Ditemukan Pada DataBase
4,F8778Y,Tidak Ditemukan Pada DataBase
7,F8778Y,Tidak Ditemukan Pada DataBase
9,F8778Y,Tidak Ditemukan Pada DataBase
10,OI24,Tidak Ditemukan Pada DataBase
11,F877,Tidak Ditemukan Pada DataBase
12,F877Y,Tidak Ditemukan Pada DataBase
13,O626,Tidak Ditemukan Pada DataBase
14,8778KY,Tidak Ditemukan Pada DataBase
15,F8778YQ,Tidak Ditemukan Pada DataBase
16,FJ8778Y,Tidak Ditemukan Pada DataBase
17,F8778Y,Tidak Ditemukan Pada DataBase
18,F8778Y,Tidak Ditemukan Pada DataBase
19,F877K,Tidak Ditemukan Pada DataBase
22,F8778K,Saldo Tidak Mencukupi
23,IIIIII1,Tidak Ditemukan Pada DataBase
24,F878K,Tidak Ditemukan Pada DataBase
28,F8778Y,Tidak Ditemukan Pada DataBase
0,FVM78YW,Tidak Ditemukan Pada DataBase
1,F8778Y,Tidak Ditemukan Pada DataBase
2,F8778Y,Tidak Ditemukan Pada DataBase
3,F8778FK,Tidak Ditemukan Pada DataBase
4,F88FK,Tidak Ditemukan Pada DataBase
5,F8778Y,Tidak Ditemukan Pada DataBase
9,F8778Y7,Tidak Ditemukan Pada DataBase
11,OB26,Tidak Ditemukan Pada DataBase
12,O626,Tidak Ditemukan Pada DataBase
13,O626,Tidak Ditemukan Pada DataBase
14,NWIII,Tidak Ditemukan Pada DataBase
15,18778,Tidak Ditemukan Pada DataBase
16,OS26,Tidak Ditemukan Pada DataBase
17,SOB26,Tidak Ditemukan Pada DataBase
18,O26,Tidak Ditemukan Pada DataBase
19,F8778K,Saldo Tidak Mencukupi
20,8778K,Tidak Ditemukan Pada DataBase
22,8778K,Tidak Ditemukan Pada DataBase
23,F8778K,Saldo Tidak Mencukupi
24,OB26,Tidak Ditemukan Pada DataBase
25,1O26,Tidak Ditemukan Pada DataBase
26,O626,Tidak Ditemukan Pada DataBase
28,F8778K,Saldo Tidak Mencukupi
30,F8778K,Saldo Tidak Mencukupi
32,F8778K,Saldo Tidak Mencukupi
34,F8778K,Saldo Tidak Mencukupi
36,F8778K,Saldo Tidak Mencukupi
37,8778K,Tidak Ditemukan Pada DataBase
38,O626,Tidak Ditemukan Pada DataBase
39,O626,Tidak Ditemukan Pada DataBase
40,8778K,Tidak Ditemukan Pada DataBase
42,F8778K,Saldo Tidak Mencukupi
44,F8778K,Saldo Tidak Mencukupi
46,I1II,Tidak Ditemukan Pada DataBase
47,Z11,Tidak Ditemukan Pada DataBase
48,BTIM,Tidak Ditemukan Pada DataBase
49,II7M,Tidak Ditemukan Pada DataBase
50,KO1,Tidak Ditemukan Pada DataBase
51,B2TIM,Saldo Tidak Mencukupi
52,UIYI,Tidak Ditemukan Pada DataBase
54,1I1,Tidak Ditemukan Pada DataBase
55,B2TIM,Saldo Tidak Mencukupi
56,2TM,Tidak Ditemukan Pada DataBase
58,T21M,Tidak Ditemukan Pada DataBase
59,TIF4,Tidak Ditemukan Pada DataBase
60,L1M,Tidak Ditemukan Pada DataBase
61,L2IM,Tidak Ditemukan Pada DataBase
62,BCT2T1M,Tidak Ditemukan Pada DataBase
63,2T1M,Tidak Ditemukan Pada DataBase
64,IIIF,Tidak Ditemukan Pada DataBase
65,M2T1M,Tidak Ditemukan Pada DataBase
66,1IL,Tidak Ditemukan Pada DataBase
67,OP2,Tidak Ditemukan Pada DataBase
68,OP2,Tidak Ditemukan Pada DataBase
69,I11A1,Tidak Ditemukan Pada DataBase
70,II1I,Tidak Ditemukan Pada DataBase
71,717,Tidak Ditemukan Pada DataBase
72,JTF,Tidak Ditemukan Pada DataBase
73,I1PII,Tidak Ditemukan Pada DataBase
74,2P1M,Tidak Ditemukan Pada DataBase
75,B2PTIM,Tidak Ditemukan Pada DataBase
76,I1CI,Tidak Ditemukan Pada DataBase
77,I11CL,Tidak Ditemukan Pada DataBase
78,11PII,Tidak Ditemukan Pada DataBase
79,2I1M,Tidak Ditemukan Pada DataBase
80,2PT1M,Tidak Ditemukan Pada DataBase
81,QV7O,Tidak Ditemukan Pada DataBase
82,F877K,Tidak Ditemukan Pada DataBase
83,F877K,Tidak Ditemukan Pada DataBase
84,O926,Tidak Ditemukan Pada DataBase
85,F877K,Tidak Ditemukan Pada DataBase
86,F877K,Tidak Ditemukan Pada DataBase
87,F877K,Tidak Ditemukan Pada DataBase
88,F877K,Tidak Ditemukan Pada DataBase
89,F8778K,Saldo Tidak Mencukupi
91,F877K,Tidak Ditemukan Pada DataBase
92,1I17A7I,Tidak Ditemukan Pada DataBase
93,F877K,Tidak Ditemukan Pada DataBase
94,F877K,Tidak Ditemukan Pada DataBase
95,TQVVD,Tidak Ditemukan Pada DataBase
96,F8778K,Saldo Tidak Mencukupi
97,FMMX,Tidak Ditemukan Pada DataBase
98,FMM7X,Tidak Ditemukan Pada DataBase
99,8MMX,Tidak Ditemukan Pada DataBase
100,FMM7X,Tidak Ditemukan Pada DataBase
101,F7M7X,Tidak Ditemukan Pada DataBase
102,FMMX,Tidak Ditemukan Pada DataBase
103,AIP1,Tidak Ditemukan Pada DataBase
104,F87M7X,Tidak Ditemukan Pada DataBase
105,F87MX,Tidak Ditemukan Pada DataBase
106,F8MMIX,Tidak Ditemukan Pada DataBase
107,F7MX,Tidak Ditemukan Pada DataBase
108,F87MX,Tidak Ditemukan Pada DataBase
109,F8MMFX,Tidak Ditemukan Pada DataBase
110,F87MX,Tidak Ditemukan Pada DataBase
111,F8MMX,Tidak Ditemukan Pada DataBase
112,F87MX,Tidak Ditemukan Pada DataBase
113,F8MMX,Tidak Ditemukan Pada DataBase
115,F8778K,Saldo Tidak Mencukupi
117,F8778K,Saldo Tidak Mencukupi
120,F8778K,Saldo Tidak Mencukupi
122,F8778K,Saldo Tidak Mencukupi
123,F8778,Tidak Ditemukan Pada DataBase
124,IWIY,Tidak Ditemukan Pada DataBase
125,O626,Tidak Ditemukan Pada DataBase
126,F8778,Tidak Ditemukan Pada DataBase
127,8778K,Tidak Ditemukan Pada DataBase
128,IILII,Tidak Ditemukan Pada DataBase
129,O626,Tidak Ditemukan Pada DataBase
130,O626,Tidak Ditemukan Pada DataBase
131,O626,Tidak Ditemukan Pada DataBase
132,11II,Tidak Ditemukan Pada DataBase
133,O626,Tidak Ditemukan Pada DataBase
134,4IOI,Tidak Ditemukan Pada DataBase
135,878K,Tidak Ditemukan Pada DataBase
136,O626,Tidak Ditemukan Pada DataBase
137,IIUII,Tidak Ditemukan Pada DataBase
138,F8778,Tidak Ditemukan Pada DataBase
140,F8778,Tidak Ditemukan Pada DataBase
141,F8778,Tidak Ditemukan Pada DataBase
142,8778K,Tidak Ditemukan Pada DataBase
143,F8778K,Saldo Tidak Mencukupi
144,8778K,Tidak Ditemukan Pada DataBase
145,F8778,Tidak Ditemukan Pada DataBase
146,Q77Q,Tidak Ditemukan Pada DataBase
147,F877K,Tidak Ditemukan Pada DataBase
148,3778K,Tidak Ditemukan Pada DataBase
149,OB26,Tidak Ditemukan Pada DataBase
150,F877K,Tidak Ditemukan Pada DataBase
151,ITYII,Tidak Ditemukan Pada DataBase
152,OB26,Tidak Ditemukan Pada DataBase
153,IIII,Tidak Ditemukan Pada DataBase
155,F8778K,Saldo Tidak Mencukupi
157,1IIXI1,Tidak Ditemukan Pada DataBase
158,F878K,Tidak Ditemukan Pada DataBase
159,O626,Tidak Ditemukan Pada DataBase
160,OB26,Tidak Ditemukan Pada DataBase
161,F8778K,Saldo Tidak Mencukupi
162,F8778,Tidak Ditemukan Pada DataBase
163,F8778,Tidak Ditemukan Pada DataBase
164,OS26,Tidak Ditemukan Pada DataBase
165,O1WI,Tidak Ditemukan Pada DataBase
166,4AIG,Tidak Ditemukan Pada DataBase
167,VAII,Tidak Ditemukan Pada DataBase
168,AI1I,Tidak Ditemukan Pada DataBase
169,8MGX,Tidak Ditemukan Pada DataBase
170,8MMX,Tidak Ditemukan Pada DataBase
171,8M7X,Tidak Ditemukan Pada DataBase
172,526,Tidak Ditemukan Pada DataBase
2,0O626,Tidak Ditemukan Pada DataBase
3,8778K,Tidak Ditemukan Pada DataBase
4,8778K,Tidak Ditemukan Pada DataBase
6,O626,Tidak Ditemukan Pada DataBase
7,F8778K,Saldo Tidak Mencukupi
8,O626,Tidak Ditemukan Pada DataBase
9,F8778,Tidak Ditemukan Pada DataBase
10,F8778,Tidak Ditemukan Pada DataBase
11,F878K,Tidak Ditemukan Pada DataBase
12,F8778,Tidak Ditemukan Pada DataBase
13,OB26,Tidak Ditemukan Pada DataBase
14,O626,Tidak Ditemukan Pada DataBase
15,O626,Tidak Ditemukan Pada DataBase
16,1I1II,Tidak Ditemukan Pada DataBase
19,F8778,Tidak Ditemukan Pada DataBase
20,F8778,Tidak Ditemukan Pada DataBase
21,8778,Tidak Ditemukan Pada DataBase
22,O626,Tidak Ditemukan Pada DataBase
23,O626,Tidak Ditemukan Pada DataBase
25,F8778K,Saldo Tidak Mencukupi
34,8778K,Tidak Ditemukan Pada DataBase
35,F8778,Tidak Ditemukan Pada DataBase
36,F8778Y,Tidak Ditemukan Pada DataBase
37,F8778KF,Tidak Ditemukan Pada DataBase
38,F8778KZ,Tidak Ditemukan Pada DataBase
40,W8778,Tidak Ditemukan Pada DataBase
42,F8778CV,Tidak Ditemukan Pada DataBase
44,R8778K,Tidak Ditemukan Pada DataBase
45,AISQ7Z3,Tidak Ditemukan Pada DataBase
46,W8778KT7,Tidak Ditemukan Pada DataBase
47,RF8778K,Tidak Ditemukan Pada DataBase
48,W878,Tidak Ditemukan Pada DataBase
49,R8778K,Tidak Ditemukan Pada DataBase
50,F8778K,Saldo Tidak Mencukupi
51,W8778KA,Tidak Ditemukan Pada DataBase
53,GYY117,Tidak Ditemukan Pada DataBase
54,W8778K,Tidak Ditemukan Pada DataBase
55,WF8778KA,Tidak Ditemukan Pada DataBase
56,F8778K,Saldo Tidak Mencukupi
57,R877K,Tidak Ditemukan Pada DataBase
58,1IVF1N,Tidak Ditemukan Pada DataBase
59,R8778K,Tidak Ditemukan Pada DataBase
60,F8778KF,Tidak Ditemukan Pada DataBase
61,8778KF,Tidak Ditemukan Pada DataBase
62,8778YA,Tidak Ditemukan Pada DataBase
63,NF8778KA,Tidak Ditemukan Pada DataBase
65,F8778K,Saldo Tidak Mencukupi
67,F8778K,Saldo Tidak Mencukupi
69,F8778K,Saldo Tidak Mencukupi
71,F8778K,Saldo Tidak Mencukupi
73,F8778K,Saldo Tidak Mencukupi
75,F8778K,Saldo Tidak Mencukupi
